objectid,isbn
173346,5425016923818
17226,1616611898
104162,1616611898
130806,1616615451
132005,1616615958
133500,1616615966
135103,1616615974
137863,1616615990
142727,1616617241
143694,161661725X
144640,1616617268
146243,1616617276
147739,1616617284
149085,1616617292
154544,1616618795
157482,1616618817
159073,1616618825
160683,1616618833
162359,1616618841
168823,1633440303
172404,1633440311
172620,163344032X
173909,1633440338
175436,1633440346
176426,1633440354
178866,1633441946
41032,0978811119
25261,1589943783
125472,098020920X
153758,1616617659
19777,9990069573
25554,4005556269945
213984,4005556269945
31594,4005556269938
214000,4005556269938
59959,161661613X
90137,1589946901
140620,3770002176184
151347,1936920573
228341,8594156310424
115293,161661398X
140149,1941816002
250458,194794116X
1301,1616614609
124742,1616614609
134342,0786964502
128442,161661336X
141320,1938146832
20806,0786940727
66056,1569052441
152959,1569052395
164169,1616619414
22049,1556347510
173,2914849648
37904,2914849648
146791,0984608087
17223,1589942388
212346,1941816428
2375,035261080027
29581,1594721009
119550,1616613653
110524,161661076X
218178,3760146640566
4394,1569050945
224037,8594156310400
8217,4005556812066
166669,4005556812066
234,1427616485
243,9990382220
88827,0786957484
94246,1569052522
24157,0966347641
124965,078696023X
124968,0786960442
192401,8054181512274
18615,1844163318
37111,1589944607
58886,3890649734
268864,1472834704
131449,1938146719
150312,3760175512346
113997,3558380029564
181304,3558380029564
166384,1617684287
198454,5425016921951
218311,8890944749
218530,7426102655659
80311,1589949161
95610,1616610301
110517,1616611499
118006,1616613645
4753,158994075X
220,1472827775
107529,4010350608326
12493,158994206X
233078,158994206X
159473,0989829529
192860,3760175513015
154259,0990394603
66508,8032611691027
29298,1589943597
31536,1589943708
36946,1589944348
162388,1936920409
9609,1903385113
115746,1903385113
150997,0984608095
45132,1569052344
42980,1594721157
112064,1616612576
372,3760175513039
37601,1589944976
123695,1616615540
123695,1616614412
2511,2370990074
146021,1616617667
121786,1616613998
123483,161661367X
124349,1616613688
124172,1936055414
1489,1591000335
222542,3558380050421
164663,1616619449
4035,1575281740
29096,1589945530
15,1589944968
39463,1589944968
40529,1589944968
124300,1616614269
153233,1616618337
39339,1589943449
59946,0786955570
59946,9780786955572
2455,1569050791
127127,1617682136
77423,1589949811
13751,3937826173
31291,8496934160
42939,0984608001
171131,3760146643123
318977,883138211X
121787,3558380014188
152867,7629999021952
34871,1616610255
187687,1601258976
187687,9781601258977
136362,1616615532
242892,1785817140
133038,1601255500
15987,1589942108
220367,1948285088
25234,1569051356
38796,1589945034
39856,3060333327
9829,1589941551
21523,1589941551
134157,1938146344
24491,1427616558
181176,0989040615
145588,1938146085
193558,1938146042
13081,1589942310
13081,156504228X
246783,1472830679
174090,3558380031260
35524,1582679517
472,1589949048
71061,1589949048
253925,1945625082
178900,8594156310318
67492,1589946936
137031,0620659890
171046,0620659904
154414,1616614528
89976,2914849753
2471,3937826548
36648,4751010195496
133704,1616615516
1188,158994559X
287247,1947941194
202408,8594156310370
202976,5425016921005
23094,1616617071
111732,1938146956
143176,1938146662
216734,1988884179
72848,0985858001
181158,3770002176702
156776,1616619090
77130,1589949358
77130,1589949366
17329,0789457075
10934,0641807775
40990,1280225459
160432,1938146484
50750,0984155848
92539,5425016920626
42,1616619104
116998,1589780450
170624,1938146239
1931,1575282607
2456,1589940539
5050,1575281449
12205,1888439874
26566,0984155864
26566,0984155805
245271,0759751004248
130500,1616615494
196340,1938146050
123185,0786960167
123185,B007TB3R80
183138,3558380030294
230889,8437016958001
6738,1589940997
194553,1938146077
62871,8415334508
3955,8032611691003
27225,1932188126
71721,1589946634
100423,1616611359
102104,1936112205
109451,0979248361
137479,1616615044
142267,1938146794
142423,1601255624
155695,1616618353
166679,1616619198
195242,1940825873
25621,1589780930
95234,1589781244
128462,1589781341
29773,0976115689
171010,1616619600
160968,1940825539
200147,3760175513107
117813,1616613475
121672,1616613491
173892,1633441245
1927,1556344732
181254,161768631X
4985,1841540285
210274,0985858087
18144,0615308392
21954,1589942965
3170,1589946847
63543,1589946847
61001,1589946863
156042,8032611691324
134466,0992251621
177352,8717953118578
216459,1472824164
184921,3760175513138
25417,1616610581
146439,1616610581
103885,1616613769
29198,0786947985
19643,1599450747
29294,1589943589
151953,1940825016
192455,5902560380279
115584,1616613351
14808,1589942426
137031,1920663487
256852,194749449X
2238,9999141528
224517,1988884047
183017,1941816185
22361,1589942914
42141,1589946111
137842,1616615427
156879,1616618868
169468,1616619821
12692,158978068X
18207,1589780817
225,1929780583
13084,1929780583
14634,1929780583
21955,1929780583
13347,1932115315
193725,0692786287
73306,9781589949454
73306,1589949455
133726,1616615508
136593,1616615524
143756,1616616091
146224,1616616113
150337,1616618213
153209,161661823X
155576,1616618248
157386,1616618256
157483,1616618264
160684,1616619554
126444,1616615893
179014,9420020229143
69292,0984171312
108150,1616612193
68182,161661014X
112686,161768029X
175211,1633441091
69962,1589946618
223201,3558380053231
268098,184154759X
27627,1589944623
152319,161661806X
146784,1941816029
172996,1472813936
204583,3770000904406
74390,0966347692
19854,1585640565
7667,1572810351
127067,3760175513688
8817,1589944666
40270,1589944666
180901,1938146018
128475,1589781325
151678,0984303715
26961,0976115697
83629,1589949552
83629,1589940539
145475,0857441833
151310,1617681725
161069,1616619279
163672,1616619066
24310,0976914417
9209,0975277324
41047,0975277324
27746,1938146476
34219,3760175510281
70919,3760171550304
148228,3558380021537
158600,4713052640013
194594,3558380045717
233867,3770006370038
246784,1472830652
147154,1616615346
815,1929780109
99875,0984155872
130877,1616617179
133405,098585801X
154842,1616618086
4385,0486273474
145659,1938146700
1339,0786962984
66356,0786955708
193668,1945323000
40778,1616616008
40780,1616616016
40781,1616616024
40782,1616616032
40784,1616616059
40786,161661353X
40788,1616613548
40919,1616613556
40920,1616613564
40921,1616613572
40922,1616613580
42100,1616611952
42668,1616611960
51130,1616611987
58961,1616612096
189169,1616612096
65249,161661210X
65250,1616612118
65252,1616612126
66958,158994903X
71033,1589949374
81089,1589949390
94285,1589949625
94287,1589949587
98552,1589949609
98843,1589949579
98844,1589949617
104455,1616611731
105259,1616612355
105259,1616611936
105288,161661174X
107789,1616611758
111739,1616611766
112450,1616611774
115394,1616611782
118297,1616613890
121065,1616613904
123143,1616613912
123644,1616613920
124779,1616613939
125789,1616613947
129317,1616615486
142560,1616616083
142560,9781616616083
147191,1616616121
155693,1616617705
213460,3558380044857
216094,3558380044857
59294,1616615605
163745,1616619937
163745,1633441210
189035,3558380031062
34843,061517194X
201186,0436506025
5404,1938146468
193322,1617687987
2449,1589940520
3819,1589940377
22884,1589943201
94288,1616611014
95338,1616611022
98113,1616611030
100092,1616611057
102875,1616611065
107933,1616612177
117929,1616612592
119640,1616612606
121900,1616612614
142875,161661885X
142875,161661708X
146574,1616617950
146574,1616618574
158969,1616618612
172680,1633440737
104356,1616612061
110699,161661207X
131339,1616614560
231991,1945625619
168927,1616619945
168928,1616619953
168929,1616619961
169018,1616619988
169020,1633440001
175283,1633441180
175284,1633441202
19736,1589941381
19737,1589941780
148040,1605843598
19739,158994139X
19740,1589941802
19743,1589942221
32666,0978928881
26990,1556347286
29368,0979658500
154086,1938146697
160851,0986287210
35815,0979658535
164153,1616619902
41541,1929780737
89962,1589946987
100527,2914849818
6521,1589941012
6521,1589942388
150811,1589934342
146418,1616617675
123844,1938146840
46807,159472122X
10547,0786957174
10547,B003HC9734
9962,1556347286
10559,0974933007
12875,189302850X
33150,1600820883
194232,1617686271
116951,0984608044
41636,1594721033
254681,1988884632
236191,1472822226
161928,0906228484
40090,1933318643
95683,1589949986
22980,1932947507
22821,1589942558
226176,5060523340248
823,3440686914
589,161661238X
589,1588464709
104710,161661238X
104710,1588464709
2883,0932592945
96152,1582369542
91872,0786958731
18898,1556347472
28327,1556347642
31847,1556347731
38538,1556347804
255332,491082586X
42131,1841549223
214293,3760175513749
10523,0965869490
154419,161661742X
105,158994156X
5737,3440692612
95103,0984608028
151007,1601256477
156091,1940825237
182694,3558380042259
160425,1616619252
174565,1633440745
176058,1633440753
177608,1633440761
178862,163344077X
180695,1633440788
192661,3558380037156
245638,4061897501106
216465,3558380047308
217780,1947941143
75996,1589949153
192619,0648048357
13879,0972389725
54743,1933318783
54745,1933318872
61474,1933318287
102104,1936112191
200057,1938146352
261342,1947941070
319966,147283660X
4977,1555603785
12039,1589780604
20437,1569051453
22827,1589943252
163602,1616619686
189932,1940825857
125618,2914849877
179303,1938146522
43539,1589946782
128137,0985914831
146757,1616616741
136117,1617682454
67239,1569052271
127437,156905276X
143948,1569052824
594,0972819762
147736,1940825008
193949,1940825911
159508,1938146603
37358,0981576559
191051,3770004610068
28259,0982727976
93537,1903980720
20436,1601250258
23304,0985640502
25609,1589943368
25609,158994335X
38703,1588464571
171630,161661434X
12761,1887953558
163107,5425016922903
221805,8435407617582
128931,1938146913
139030,5425016921517
268605,1841549185
35052,0786948825
55829,0786948825
142992,1617682934
206803,0571327362
206803,1464047227
206803,9789351776161
206803,9351776166
206803,043960737X
153235,1616619287
2338,3440689417
9203,156076869X
268608,1841549568
268684,184154986X
268685,1841549967
268686,1907964118
268692,1782530533
166326,1616619589
82168,9781472817730
82168,1472817737
180899,1938146379
167444,1616619643
157135,0989829510
104994,1555604560
162355,161661949X
163340,1616619503
166897,161661952X
168677,1616619538
170276,1616619546
174560,1633441393
121,1947494503
283355,1947494503
4671,1556343388
12333,3941976583
40834,4042677014023
14535,1556347383
226910,1945625600
57940,1589946707
58157,158994688X
61739,158994710X
63787,1589948416
268326,1872372694
64651,1589947223
65217,1589947304
69881,1589949145
72322,1589949137
73150,1589949420
83194,158994917X
85637,1616610263
90489,161661028X
95624,1616610891
96654,161661031X
98764,1616611448
108809,1616611480
114678,1616613637
127668,1616615125
132208,161661515X
143775,1616617640
18622,1589942302
18623,1589942299
18624,1589942280
18625,1589942272
18627,1589942256
21405,1589942450
23510,1589943171
23511,1589943171
23511,158994318X
23512,1589943155
28870,1589943457
28871,1589943465
28873,1589943481
28875,158994349X
70230,1589946456
223931,2370990090
123847,1616612312
182189,4010350101711
31483,1589946715
156737,1631400916
197519,194082592X
197520,1940825938
253926,194562504X
38765,0984155899
147116,1616619163
89409,1936920379
9560,1560764023
478,158994030X
823,1589940512
6472,1589941039
20551,4010350604502
6472,1589947207
103343,1589947207
95802,1616610530
228,1887801472
223321,5902560381375
109932,0984816496
94964,1616611138
122877,0984608079
814,1929780028
169044,1616619651
127023,3760146642041
125376,1616614463
766,0911605460
167883,1633440214
167884,1633440222
167885,1633440230
167886,1633440257
167887,1633440265
175212,1633441113
175213,1633441105
177086,1633441962
177087,1633441970
177088,1633441954
182371,163344144X
138161,0992251656
140638,1617682888
150293,147281634X
204,3930635267
242,393979418X
125548,1936920239
21713,2914849540
108415,161661188X
306040,1472842413
186701,0994341245
207898,0999769804
211940,193814614X
204592,3760175513442
55679,0984171304
25794,0786953853
160964,1633440281
160964,1616618078
216070,8054181513134
18333,1929780524
70916,1616613408
69120,1589949773
118063,1616613963
129721,1616613386
8593,1589941268
149915,1616617888
254381,1472830687
121958,1616613378
14996,0975277367
41047,0975277367
1741,1589945018
41064,1589945018
170356,0615987508
39683,1938146034
66510,0976914476
147980,1616617896
1800,1568820577
22398,1588465284
120,1560380330
494,1560765771
1829,0743007646
33451,0976914441
73369,1560765917
99975,2914849850
222853,1589781791
177182,163344127X
147473,1616616520
156189,3558380024798
180585,3558380031031
24742,8495830957
43868,1594721238
87507,1616610395
87507,1589946863
114276,1616619139
114276,1616613629
143760,1616616512
54,1892081318
23686,0978038320
103515,1616611340
1465,0913866687
138788,1938146999
85325,8376293419
197097,1976371457
903,3834630829
128667,8032611691317
169416,1601257457
174078,8436017223217
104733,1589945204
104363,1616611138
104363,1589949722
104363,1589940741
1159,291484980X
107255,291484980X
1143,1589942825
22038,1589942825
125548,1936920131
144553,3770000010060
27848,1589945573
156138,3760175512896
200058,1938146212
140916,1616613874
31722,9081228315
216092,3558380044864
163640,193814676X
124969,0786960434
96713,1616610956
146508,3558380031000
1,1599718758
70512,1938146417
167888,1633440273
149435,161661790X
41460,1589949889
42597,1589946278
5576,1589780183
8207,1589780418
60231,1589947215
65234,1589948610
98590,1616611375
134945,1616616067
91189,3890649823
162351,5060377583037
137909,4005556222612
182094,8032611691102
1472,0963469142
43320,1594721165
213549,039515460X
115288,1617680834
5369,090441745X
176920,1633441369
10659,0982727909
79067,0982727909
209664,0994341261
166202,1938146670
172896,1613171005
1149,1560769335
2063,0880387211
212580,1589934806
22485,0984155813
102889,1616611367
16443,1589780795
19187,1589780809
144728,1617683175
16933,1556347456
22894,1556347456
207010,0986392065
110868,1617681091
169530,1936920492
103670,1616612037
207919,1589781740
7719,158994125X
2211,1556345135
134,1892081253
29456,1933362200
223449,0994718004
46362,0976914492
204470,0999428845
97939,098402560X
24935,8495830817
71676,1936112051
145086,1631270001
2472,1931748020
34139,2914849575
280041,1947941089
164775,0994487606
218028,0986392049
23977,0615462189
204466,0985858052
99770,8865271086
1219,3473670847
1234,1887801006
122240,0984608052
144826,3760175511158
215918,3770002176917
199766,1452151776
15678,9780451204844
15678,0451204840
7967,158994173X
8042,1896776396
68083,0984450904
187515,193814600X
18723,1589944720
2307,1560760869
169470,1938146395
54986,0966347668
202776,1908237511
21276,1589780841
194523,2370990058
133633,0985858036
28720,1988884020
24627,0786941014
32495,1588463494
215154,1938146166
71837,1935693115
72482,0984171320
43231,1934857386
113070,0615641571
139769,1574572156
85394,1616617683
152902,1575619989
28100,0641844999
1962,0962827517
17053,1932812016
38343,158994755X
139037,1601255519
98315,1616611626
155969,1938146786
204814,1938146115
98634,1616611049
104139,1616612185
110193,1616612568
114351,1616612584
129413,161661532X
129480,1616614455
130715,1616617950
130715,1616615400
132020,1616615540
132020,1616615559
133167,1616615567
133167,1616615559
134946,1616615567
134946,1616615575
135064,161661451X
137773,1616615583
137773,1616615575
139413,1616615583
139413,1616615400
140917,1616615591
143025,1616618027
147723,161661885X
153130,1616618574
154423,1616617438
154424,1616617446
154425,1616617454
154493,1616618582
156416,1616618590
158019,1616618612
158019,1616618604
160464,161661708X
160464,1616618620
161217,1616618647
164313,1633440397
164662,1616619430
164665,163344029X
170362,1633440028
177163,1633441377
177590,0990807843
129423,1616614625
63214,1594721289
21882,1589942906
30957,1589944119
47185,1589946685
53953,1594721270
103886,1616613815
162286,0992126800
145325,3558380021032
22823,1589943015
2955,1892081911
3201,1589940326
7717,0786912529
31563,1589946243
162007,0992126827
162007,0992126819
475,0786912073
9674,158994223X
15062,0975277383
15363,1616611634
42776,1616611693
42776,1904854648
144797,1936920204
169255,1633441903
149414,8054181511567
8203,1616611715
92415,3558380020400
18833,1616614803
70323,3760175513145
123123,1936920166
128671,0992251613
198773,8594156310363
216381,0648048306
34861,0641843224
34862,0641843208
34862,0641843216
122571,1450751210
19652,1588461653
137182,161661384X
189686,3558380035954
193527,3558380038795
220836,3558380046424
164664,1616619457
166711,1616619465
166713,1616619473
166715,1616619481
175945,1633440796
175946,163344080X
175949,1633440826
65244,1936011158
102680,5060156400159
102680,1589941438
110327,0786959916
110327,9780786959914
164928,1938146492
203740,5902259203346
63067,0984330909
163378,2955227315
216091,3558380044871
175950,1633440834
175951,1633440842
176267,1633440389
181306,1633441792
325555,3982184312
55150,1589946642
146566,1616615095
146567,1616615087
146568,1616615109
146569,1616616490
146570,1616616482
146571,1616616504
147622,1616616547
148977,1616618140
148978,1616618094
148979,1616618116
148980,1616618124
148981,1616618108
162290,161661837X
170959,1616619295
39953,1589944208
38506,1569052247
163642,1938146654
177354,1472805046
177354,9781472805041
238546,4005556824120
93038,1616610123
184522,0986392014
226146,0986392014
30933,8032611690211
1552,1556343035
73538,1936112159
103,1427616493
132799,0982727968
158979,1616616792
161031,161661918X
28,1556343841
859,1556343841
224483,1936920883
161226,3770000010237
1493,1569052298
126839,1616610778
25945,1589943368
164167,163344127X
164167,1616619775
142708,1616616539
117838,1936112264
35369,1929780753
182352,1938146557
61027,0979658594
75,1601251475
161216,1616618639
25087,0976914433
10991,1589941764
227,1556343329
1677,1556343329
140261,1616617160
8672,1929780168
33493,1556347782
122588,0786960175
119,1589940318
2065,0804819033
2398,1402766319
22484,1589943430
25669,1933054395
116954,1903980801
116954,4005556265633
32248,0979658527
29387,1929780664
42116,0979658578
42432,0979658586
99079,1617680893
71493,1589949005
88926,1616610107
123755,1616613777
21059,1589942841
37008,1589944615
67208,1589947142
93465,1616611332
136313,1938146808
163641,1938146808
85389,0984330917
19237,5425016922736
155362,5425016922736
40692,1446604756
40692,1446793168
40692,0130992682
172,1903980003
1927,3930635771
16992,344069027X
168679,1938146581
140953,1940169003
125678,1617681709
54475,158994691X
67051,1589945557
75857,1589949315
131816,1616615397
163641,193814662X
11168,0958275505
115,097281972X
157209,1468103598
186995,1940825903
17565,2914849605
21795,2914849583
43111,1589946510
177524,4751010195168
152230,1936920212
22348,2914849982
25821,2914849419
39856,2914849656
117985,1569052557
85905,1589949757
154638,5425016923115
4286,1589941675
11229,078694742X
107917,1907702717
141648,1616614617
141165,161661711X
121921,5902560380064
238391,5902560380064
45543,1589946499
230,1616613602
131646,1616613602
186767,1472823052
1198,096346910X
153971,1616619139
123647,1616613505
3633,0681952253
268360,1872372023
62219,1589945689
123759,1616613785
123763,1616613793
123764,1616613807
129431,1616615389
129432,1616615354
129433,1616615362
142527,161661675X
142545,1616617047
142546,1616616768
142547,1616616776
148259,1616618035
154766,1616617713
154767,1616617721
154769,1616617748
1042,1631402897
23107,1589943198
161032,1616619171
164165,1616619384
164166,1616619392
164168,1616619406
1262,0786939761
22545,0979526205
4095,1556346638
10686,1556347243
22948,1556347561
22948,3937826793
25071,155634760X
25071,3939794023
29568,1556347685
30166,1556347693
31920,1556347839
22825,1589943317
138170,1616613882
20906,0976835118
20907,097683510X
19400,1589942752
169254,1633440850
1681,0912515589
35964,0966347676
35964,096634765X
149119,0966347676
149119,096634765X
40924,1616611936
43508,1616611979
129430,1616615370
146766,1616617691
154768,161661773X
156770,1616619112
176742,1633440699
124693,1616614838
95619,1589949544
99815,1589949323
152318,1616617101
171881,2914849974
167889,1633440249
39775,1589946464
157958,161661739X
66171,1589949528
9446,1589941365
36367,1616611642
101786,1616611642
244733,8054181512953
166894,1616619597
204305,2370990023
204305,2370990031
144006,1907964657
11,1892081547
17226,0786916141
17226,1589942736
30645,0615637507
133654,1616613823
145363,1616617403
39463,1589243242
40529,1589243242
938,3473670820
2453,0786918357
3655,1889055212
5432,0746052685
203759,1617685704
139443,B00E5QL2AC
33643,3473677086
94963,1616611146
120965,1616613750
143789,1631401688
4505,1572810173
158803,1616619317
76638,1589948637
181852,1633441822
136147,1616615982
139596,1616617020
152314,1616618566
156112,1616618809
164314,163344001X
41459,1589949870
41459,158994478X
153900,1616617934
202459,5902560380347
175285,1633441210
171479,069239530X
339,0963469150
122159,193611237X
181523,0620715057
108327,1616612223
118303,1616614080
95969,1589949595
268740,8054181513462
194523,3558380039242
27823,0979226104
101921,1616611707
124640,1616612088
150915,161661482X
34887,1556347936
9825,1929780486
143827,1616617055
60131,1616612347
70845,0786953845
29311,1589943686
203102,1589934709
250754,1938146247
169019,1616619996
6608,1589941020
177725,1472813960
125675,0857441507
83266,1589947169
87776,1589949897
241380,1785819542
198507,1936920581
3085,0824968311721
197097,8894445585
17804,0786939443
92044,0786958499
155464,1617683450
169017,161661997X
191231,3558380036371
10997,0972819770
129976,1616615885
12891,4250231700156
29678,1556347677
29678,9781556347672
2603,1582366853
11229,0786943653
32674,1933362308
173047,0986392006
175314,6425453000232
5718,1600820026
2860,0761185151
42892,1594721149
127398,1616615877
36345,1929780699
36345,1936112159
7479,1589941683
29308,158994383X
173275,1617684619
251660,0999428861
41457,1589949854
63196,0786954787
111807,1907702458
263744,1472835174
1915,1558062580
68425,0984155856
12896,2912994160
169274,193692045X
153749,3558380021933
102690,0977975630
63912,1589947290
177496,9420020229099
177497,9420020229105
106,1572810912
17329,1141018020
189313,1633441857
76621,1589948653
80322,1589948661
87867,1589949900
89190,1589949919
90337,1589949927
95568,1589949943
100243,1616611383
100244,1589947355
105132,1616611405
105133,1616611391
107732,1616611413
110251,1616611421
120177,1616613483
147711,1616617756
166895,1633440672
122599,1616617632
243780,098639209X
235627,4010168232201
2741,1556345623
230303,3558380049166
917,1223063097
213099,3558380045090
28874,1589943503
27356,1932697527
135281,2914849907
13456,1565042743
56954,9781616611606
56954,161661160X
24480,3440691535
112,1589943376
18258,2914849397
119591,1938146964
31435,1933362219
89801,1589949412
244654,9781472826954
244654,1472826957
214,0786918403
1324,0786918403
13308,1892081997
16992,1590413423
40793,3760146641822
124668,3492700764
4396,1472815033
192074,1472815033
142055,3760162392333
166327,1616619635
137669,1616615478
9674,3259061797
172589,1633440125
193320,3760175512902
177078,163344130X
10873,1589941594
40783,1616616040
66598,1616612134
76095,1589949382
88429,1589949404
89802,1589949560
122241,0984608060
216985,3760269590014
195903,153066330X
1713,1560381116
14087,1556347391
38777,1589946480
191865,3770002176801
160556,1616619260
140944,1616616075
144780,1616616105
152141,1616618221
161930,1616619562
93724,1588464687
93724,1589949056
17133,0976824906
5,0786950072
85720,1589949730
166001,1633440575
20055,158994237X
20055,1589942760
154427,1616617470
17970,0786948817
187046,1633441830
9665,1589780507
35488,3473676896
10640,1589941810
255332,1940825865
1933,0307050602
18289,160125072X
55829,078696250X
63268,2914849788
94362,1616610964
3502,1565049926
125053,0980209218
135222,1616613831
212027,1938146026
58,3930635259
257,3934282776
182351,193814631X
268687,1907964274
10904,0471536210
66126,1572817216
158616,4010350100820
157126,1616617799
1677,1556343485
159868,1936920360
195902,1530991153
240,1589942418
12995,2914849435
114983,1616613467
131751,1616614072
162570,1616619619
125548,193692014X
290359,1472837312
5620,0912515236
175286,1633441172
17,3934282326
62853,098415583X
66362,3939794996
157643,0718137094
13454,1929780281
175287,1633441199
286261,1947941232
180302,1633441814
8170,3930635968
181114,1938146433
231197,4015566026223
28,3937826408
859,3937826408
148203,0004983289
1258,3473670189
7682,1572813083
137847,1616613858
4394,3440691411
136223,1938146980
2771,1589940652
112445,0985914807
4385,3880340919
139591,1616613866
150639,1616617918
152760,1616617926
155138,1616617942
163696,1616619627
170277,161661966X
187047,1633441849
193529,1633441865
231942,1941816347
143884,4002051692322
173156,3558380029014
71099,158994934X
214879,1936920557
106666,1616612053
127715,1616610913
13809,2914849443
14533,2914849451
20435,291484946X
170415,1938146573
12194,1556347359
177868,1942755066
42432,097965856X
193614,8032611691126
83268,2914849923
83268,3558380009832
83268,2914849974
69761,0984171339
226146,0974646105
4103,3440694518
41811,1616610948
112233,0988047403
50,1892081237
180543,1936920514
21654,2914849427
22198,1589942892
133993,5425016921128
19727,1594590591
24410,0977975606
25491,4010350603871
503,1589942140
20963,158994237X
20963,1589942760
178820,1941816053
176558,3558380028864
200847,5425016921302
36946,1616610638
1426,3440680819
4610,344068931X
6608,3440692515
142555,1617682845
152510,1617683264
230508,1589934369
27884,1590414500
13751,393782619X
268600,1841548634
200936,1452151768
249,0965842231
216033,0992126878
38025,158994464X
4488,9781589940819
4488,1589940814
24742,1589943791
7420,0874311446
159651,1940825520
9675,3493628889
37696,3937826831
45134,1594721246
46807,1594721173
290,0970855494
43528,3440690806
20660,2915496161
20660,1556347499
22894,1556347553
37501,1556347863
39801,1556347847
42519,1556347812
130402,2914849923
166322,1616619570
494,2914849478
40237,0671296183
42306,1589948386
10664,0874312167
40776,1589945956
61882,158994660X
111,0976115611
1265,1572813059
2165,1604380535
5942,1572814160
65673,1616615915
129320,0984816410
30356,3939794481
121423,1938146921
174095,3770000010275
478,2844761496
4390,0971942056
154386,3760175512452
193265,3761562233
4488,1589940881
10908,1589941578
11200,0964385643
42047,3939794333
55916,1589946693
68722,1280225084
68722,1589949129
138110,1616616784
34863,0641843232
230505,8032611691096
174922,097691445X
249578,194532306X
3972,3440691217
244258,1945323078
173634,0980209277
142402,0980209226
212662,1945323035
146330,0980209234
168857,0980209285
146329,0980209242
234071,1945323051
196213,1945323027
159683,0980209269
158222,0980209250
173959,0980209293
258289,1945323086
302181,1945323124
286882,1945323108
932,393979449X
987,1601252315
8170,3937826076
28025,2914849362
371,1572812060
12632,3446227660
29410,1427616574
908,3440681017
4505,3898758915
18803,3897772124
17970,0786947942
10814,3828781934
36739,1589944240
184704,4015566600461
8273,388973913X
6209,1589942191
23142,1589942191
8017,3933513227
16933,393782667X
29678,3939794686
2542,1555601693
6607,3937826858
27306,0786920157
253776,1785819208
6627,0965869474
9962,3937826432
221233,1472822218
203462,1858136504
250439,1589781848
22172,1589942868
5405,1588461637
1137,3440077098
4101,3440695514
4101,0786912480
17534,0786918306
41289,1616611944
41393,158994738X
41451,1589949838
41451,1589944747
41452,1589949838
41452,1589944747
33581,1588467414
67208,3939794988
220784,3760175514791
68280,1616612142
21380,0978811100
177078,0786947489
29118,158846542X
105,2915496056
268684,1841549894
22822,1589943309
23665,1589943163
38643,1589943694
24976,1589943333
36722,1589944593
1915,1558062750
141653,1936920123
216,1589941004
40788,1589944356
40919,1589944364
40920,1589944372
40922,1589944399
42668,1589945883
71084,1589949366
166000,1616618507
41452,1589949846
41452,1589944755
50748,1589946871
61882,1616618701
67001,1589948629
41393,1589947339
96939,1589947339
107463,1456398164
24764,5576041127
196612,1936920611
4491,1633441350
25677,1560765909
28717,1588465403
8522,1556346107
193693,1472817281
157912,064692690X
220778,3760175514081
15953,2167000634
4505,1741210925
160154,827714008272
3943,3937826017
42047,0979658551
39941,6000130201
2025,155634774X
2025,9781556347740
24878,2915556571
124486,1616614293
41392,1589943007
41458,1589949862
51314,1589946286
127667,1616615079
23741,1932697500
154416,1616614536
56835,0984155821
119472,1568821875
2238,9990379416
10206,3473677132
72766,1589949331
9910,1589942035
34864,0641843208
34864,0641843216
7972,3440692620
1612,9990380848
26472,0916211150
107863,1588466574
18803,3897773643
18803,9783897773646
11415,0972819789
3651,3937826688
20494,3939794112
353,158994108X
98366,1589947347
29109,8495830973
29095,156504293X
32391,156504293X
28861,0834199971
152952,1617683205
55279,1934857564
11618,189302864X
14087,3939794015
22263,3937826521
27767,3937826971
15678,0452264162
11618,1893028623
2797,1556344503
1417,0923763473
22826,1589943058
214146,1846095727
24410,0977975614
112772,1616613459
31258,1589944186
6420,1893028674
13071,2914849524
71034,1589948645
93257,1589949935
32114,1934857378
32678,2914849613
149112,9781631400018
149112,1631400010
31759,0979204739
144873,1601255632
29109,1589943880
181228,5425016923986
51314,1633440931
60232,1589946308
100245,1589947363
18626,1589942264
23513,1589943147
1408,0880384751
268685,1841549991
268692,1782530568
8098,3558380048183
309862,1734511532
250437,1589781813
15064,1588466248
6718,0966347625
74983,0978616049
157345,3862530337
13291,8495830965
322163,194828524X
258472,5060523340286
257332,5060523340323
206494,8416357455
108745,3558380015338
294306,1589943643
288794,1589943643
230498,8890944781
245045,8894957004
258451,8894957012
267735,8894957047
283718,8894957101
206377,1941816312
181561,1941816282
178561,194181607X
178563,194181610X
181566,1941816363
178562,1941816142
206376,1941816193
181104,194181624X
181102,1941816320
196954,1941816126
181567,1941816371
206369,1941816223
271602,1941816517
181564,194181638X
181103,1941816231
181568,1941816355
196947,1941816118
181094,1941816150
181569,1941816398
181565,1941816401
196941,1941816266
181099,1941816177
181101,1941816169
181096,1941816274
206368,1941816789
233596,1941816479
219881,1941816762
213555,1941816304
196939,1941816207
322984,1941816711
263687,1941816541
233601,1941816495
271598,1941816452
322985,194181672X
266521,1941816436
274940,1941816460
266555,1941816533
271650,1941816487
271832,194181655X
271652,1941816614
274916,1941816568
327028,1941816738
327027,1941816746
266966,1988884195
266967,1988884217
266964,1988884225
266965,1988884209
320527,1988884896
322561,1988884640
322563,1988884667
322562,1988884659
8804,1929780451
28121,1929780575
286827,8894957152
92081,1933318465
110815,1933318732
271597,1941816525
271648,1941816622
147568,1605843601
24159,192978063X
213560,1941816290
271649,1941816576
298701,8894957209
214033,1941816509
295565,8894957217
196946,1941816096
4491,1589943260
150794,1856192407
6854,1893028011
32702,0811858642
12876,1893028593
33866,881381000519
13447,1575281112
8860,1893028348
24933,1933152257
40841,0681902639
11549,1452101752
8624,1889055115
42644,9001890601248
202771,1101905654
306555,0525615563
143508,1575615371
94902,0786965592
234251,0811869385
212140,1945625287
14454,189302816X
211168,1936920816
172032,193814659X
287507,1589935004
22108,189974925X
12958,0641571984
235465,4010168233512
1234,1589781317
266470,1912200139
8489,0970910908
169062,8054181513394
2817,1589940644
250963,1591000793
2393,0923891153
1339,078696555X
148434,1468308165
205761,3558380041153
152492,1782532552
204507,8056324760085
2266,0641754329
133010,3865197078
197707,1589781635
163639,193814662X
194062,8054181513417
177,1560380381
5135,1890323047
709,0880380942
267404,1911281488
33091,0982727941
14454,1893028275
14454,1893028046
8307,1556342535
33932,0978924177
2773,1891153714
287941,1947941038
2718,0681952253
165572,1472807383
257081,162692628X
5559,1930658044
3309,0874310326
9567,0786903678
223881,8417071709
226135,0986392073
214898,1589781767
5367,1888439343
323184,1856699498
230,9990383103
39432,0979182751
146451,1941427014
2412,0641061501
231964,1938146263
256302,0966704665
76481,1661831117
15435,1905176627
147458,1514397846
262067,1788262689
280882,1788264851
280882,1788264878
262903,5011921109593
1258,1572811412
153840,9082150700
21249,158978085X
94490,1593955847
318184,1472844742
318182,1472844750
341165,1638840075
150441,8311126062
22544,1589780884
152619,3897776952
152620,3897776960
322708,1616611898
291794,1988884756
272380,0974646156
337765,147284484X
10081,0786934816
50750,0984155813
313441,147284730X
329082,1988884136
181563,1941816312
358622,2749948312
171273,0986287229
343274,1472850300
362588,0997272783
264476,1912743701
367743,1786271753
358263,1638840865
358263,1638841012
1465,1572812478
369619,3742320041
370803,098930681X
1339,0786965983
1339,0786965789
134342,0786966254
94902,0786967250
189932,1638840008
230036,193886932X
354570,1472852672
361065,1638840849
358818,1638840350
358817,163884030X
361064,1638840415
348073,1472850076
296334,1797212915
205249,0999428896
343017,1589943643
244271,1988884527
268201,1988884756
314577,091251521X
357465,3941345451
253185,1777028116
366310,1988884225
300583,1472842421
351616,1638840245
336847,1638840008
353905,2370990392
343696,163884013X
343696,1638840180
245629,9001890613876
377478,1913947181
377478,1399601253
214989,1944666610014
204516,8869810321
180020,8460659666
361639,8894957446
295609,1613171692
298229,1988884063
366495,1472855515
382518,1472857046
346083,1638840512
346083,1638840520
330097,1945323175
313533,194749497X
395085,178627373X
61001,1616610395
345266,1945323280
232501,609456648868
4385,9780486273471
401511,1961139065
160081,5060208863321
71882,9780984608010
43168,1933362502
233076,3760175514210
5117,189208192X
383476,1638842108
275284,1472852672
313532,1947494961
374789,1945323493
377511,1638840881
169328,1591000467
135877,1591000300
1690,1591000297
319999,1945323159
380868,1945323523
367923,1945323442
273240,1945323094
6552,1937832074
6606,1556347138
206856,6649925656424
206857,6649925656288
217603,0998730017
341895,0998730084
222338,0998730009
260630,0998730068
189932,1638840016
391288,1638840407
146021,1589949811
256852,1638841365
122241,1941816584
35522,0982727984
135215,0957426828
403503,1945323590
422193,0593234332
408526,3745907779
